timestamp,image_a,image_b,chosen,liked_features,disliked_features,general_feedback,session_id,not_chosen
2025-06-09 1:30:00,f392e1d0a0b82712fc120e9b78720338.jpg,259dbd705b44eec1129a30973a118285.jpg,f392e1d0a0b82712fc120e9b78720338.jpg,"[""metal_type:White Gold"", ""metal_type:White Gold"", ""oval_shape:Normal"", ""metal_type:White Gold"", ""oval_shape:Normal"", ""overall_style:Classic"", ""metal_type:White Gold"", ""oval_shape:Normal"", ""overall_style:Classic"", ""setting_style:Solitaire"", ""metal_type:White Gold"", ""oval_shape:Normal"", ""overall_style:Classic"", ""setting_style:Solitaire""]","[""setting_style:Vintage""]",,session_20250609_012911,259dbd705b44eec1129a30973a118285.jpg
2025-06-09 1:31:29,889d1cf474beb6397aaaf4a189aa24f1.jpg,e1669e380480921b21abfce650601cac.jpg,889d1cf474beb6397aaaf4a189aa24f1.jpg,"[""head_setting:Bezel Set"", ""head_setting:Bezel Set"", ""oval_shape:Normal"", ""head_setting:Bezel Set"", ""oval_shape:Normal"", ""overall_style:Vintage"", ""head_setting:Bezel Set"", ""oval_shape:Normal"", ""overall_style:Vintage"", ""setting_style:Solitaire"", ""head_setting:Bezel Set"", ""oval_shape:Normal"", ""overall_style:Vintage"", ""setting_style:Solitaire""]","[""setting_style:Solitaire""]",,session_20250609_012911,e1669e380480921b21abfce650601cac.jpg
2025-06-09 1:32:27,7b36af9c468f84a65f216f9efafdd12e.jpg,89f98141d29f1776e7cdd681fa99066a.jpg,89f98141d29f1776e7cdd681fa99066a.jpg,"[""color_intensity:Royal Blue"", ""color_intensity:Royal Blue"", ""metal_type:Yellow Gold"", ""color_intensity:Royal Blue"", ""metal_type:Yellow Gold"", ""oval_shape:Normal"", ""color_intensity:Royal Blue"", ""metal_type:Yellow Gold"", ""oval_shape:Normal"", ""overall_style:Classic"", ""color_intensity:Royal Blue"", ""metal_type:Yellow Gold"", ""oval_shape:Normal"", ""color_intensity:Royal Blue"", ""metal_type:Yellow Gold"", ""oval_shape:Normal"", ""setting_style:Three Stone"", ""color_intensity:Royal Blue"", ""metal_type:Yellow Gold"", ""oval_shape:Normal"", ""overall_style:Classic"", ""setting_style:Three Stone"", ""color_intensity:Royal Blue"", ""metal_type:Yellow Gold"", ""oval_shape:Normal"", ""overall_style:Classic"", ""setting_style:Three Stone"", ""color_intensity:Royal Blue"", ""metal_type:Yellow Gold"", ""oval_shape:Normal"", ""overall_style:Classic"", ""setting_style:Three Stone"", ""color_intensity:Royal Blue"", ""metal_type:Yellow Gold"", ""oval_shape:Normal"", ""overall_style:Classic"", ""setting_style:Three Stone"", ""color_intensity:Royal Blue"", ""metal_type:Yellow Gold"", ""oval_shape:Normal"", ""overall_style:Classic"", ""setting_style:Three Stone"", ""color_intensity:Royal Blue"", ""metal_type:Yellow Gold"", ""oval_shape:Normal"", ""overall_style:Classic"", ""setting_style:Three Stone""]","[""setting_style:Three Stone"", ""color_intensity:Dark Blue"", ""setting_style:Three Stone"", ""color_intensity:Dark Blue"", ""head_setting:Eight Prong"", ""setting_style:Three Stone"", ""color_intensity:Dark Blue"", ""head_setting:Eight Prong"", ""metal_type:Yellow Gold"", ""setting_style:Three Stone"", ""color_intensity:Dark Blue"", ""head_setting:Eight Prong"", ""metal_type:Yellow Gold"", ""overall_style:Modern"", ""setting_style:Three Stone""]",,session_20250609_012911,7b36af9c468f84a65f216f9efafdd12e.jpg
2025-06-09 1:34:18,b1bf1803b8c9f18104bc65999542f8b5.jpg,a488feb4bae45c91cc3393eabb9f82ff.jpg,b1bf1803b8c9f18104bc65999542f8b5.jpg,"[""oval_shape:Wide"", ""oval_shape:Wide"", ""overall_style:Vintage"", ""oval_shape:Wide"", ""overall_style:Vintage"", ""oval_shape:Wide"", ""overall_style:Vintage"", ""oval_shape:Wide"", ""overall_style:Vintage""]","[""setting_style:Halo"", ""setting_style:Halo""]",,session_20250609_013320,a488feb4bae45c91cc3393eabb9f82ff.jpg
2025-06-09 1:34:54,361e90c269677297bb4809da9d5526be.jpg,259dbd705b44eec1129a30973a118285.jpg,361e90c269677297bb4809da9d5526be.jpg,"[""head_setting:Double Prong"", ""head_setting:Double Prong"", ""metal_type:Yellow Gold"", ""head_setting:Double Prong"", ""metal_type:Yellow Gold"", ""oval_shape:Wide"", ""head_setting:Double Prong"", ""metal_type:Yellow Gold"", ""oval_shape:Wide"", ""overall_style:Classic"", ""head_setting:Double Prong"", ""metal_type:Yellow Gold"", ""oval_shape:Wide"", ""overall_style:Classic""]","[""setting_style:Vintage""]",,session_20250609_013320,259dbd705b44eec1129a30973a118285.jpg
2025-06-09 1:35:46,4ac0b3a3c540f62b5d32de037c9ee0a5.jpg,feba2e72d436fc67dc55d8f62999b6c2.jpg,4ac0b3a3c540f62b5d32de037c9ee0a5.jpg,"[""color_intensity:Medium Blue"", ""color_intensity:Medium Blue"", ""metal_type:Yellow Gold"", ""color_intensity:Medium Blue"", ""metal_type:Yellow Gold"", ""oval_shape:Wide"", ""color_intensity:Medium Blue"", ""metal_type:Yellow Gold"", ""oval_shape:Wide"", ""overall_style:Modern"", ""color_intensity:Medium Blue"", ""metal_type:Yellow Gold"", ""oval_shape:Wide"", ""overall_style:Modern"", ""setting_style:Three Stone"", ""color_intensity:Medium Blue"", ""metal_type:Yellow Gold"", ""oval_shape:Wide"", ""overall_style:Modern"", ""setting_style:Three Stone""]","[""head_setting:Bezel Set""]",,session_20250609_013320,feba2e72d436fc67dc55d8f62999b6c2.jpg
2025-06-13 23:39:19,323b08cce71765b8b9428a31463bbdd1.jpg,a621ce9cb2d22941d1ca8d8573082490.jpg,323b08cce71765b8b9428a31463bbdd1.jpg,"[""color_intensity:Light Blue"", ""color_intensity:Light Blue"", ""head_setting:Four Prong"", ""color_intensity:Light Blue"", ""head_setting:Four Prong"", ""metal_type:Rose Gold"", ""color_intensity:Light Blue"", ""head_setting:Four Prong"", ""metal_type:Rose Gold"", ""oval_shape:Normal"", ""color_intensity:Light Blue"", ""head_setting:Four Prong"", ""metal_type:Rose Gold"", ""oval_shape:Normal"", ""overall_style:Modern"", ""color_intensity:Light Blue"", ""head_setting:Four Prong"", ""metal_type:Rose Gold"", ""oval_shape:Normal"", ""overall_style:Modern"", ""setting_style:Modern"", ""color_intensity:Light Blue"", ""head_setting:Four Prong"", ""metal_type:Rose Gold"", ""oval_shape:Normal"", ""overall_style:Modern"", ""setting_style:Modern"", ""color_intensity:Light Blue"", ""head_setting:Four Prong"", ""metal_type:Rose Gold"", ""oval_shape:Normal"", ""overall_style:Modern"", ""setting_style:Modern""]","[""color_intensity:Dark Blue"", ""color_intensity:Dark Blue""]",The stone is to dark on option B. Option A is better. I'm not a huge fan of the top point things tho.,session_20250613_233742,a621ce9cb2d22941d1ca8d8573082490.jpg
2025-06-13 23:40:58,4ad1a2f6df8766e9710b1285498c3ddd.jpg,d52442ed27304dea8a4c306121801c17 (1).jpg,d52442ed27304dea8a4c306121801c17 (1).jpg,"[""color_intensity:Medium Blue"", ""color_intensity:Medium Blue"", ""color_intensity:Medium Blue""]","[""overall_style:Nature Inspired"", ""overall_style:Nature Inspired""]",I don't like the A symmetry,session_20250613_233742,4ad1a2f6df8766e9710b1285498c3ddd.jpg
2025-06-13 23:42:41,4b756779e4f0c8d4d6d7678885203dde.jpg,b1bf1803b8c9f18104bc65999542f8b5.jpg,4b756779e4f0c8d4d6d7678885203dde.jpg,"[""head_setting:Four Prong"", ""color_intensity:Medium Blue"", ""head_setting:Four Prong"", ""color_intensity:Medium Blue"", ""head_setting:Four Prong"", ""metal_type:Yellow Gold"", ""color_intensity:Medium Blue"", ""head_setting:Four Prong"", ""metal_type:Yellow Gold"", ""oval_shape:Skinny"", ""color_intensity:Medium Blue"", ""head_setting:Four Prong"", ""metal_type:Yellow Gold"", ""oval_shape:Skinny"", ""overall_style:Nature Inspired"", ""color_intensity:Medium Blue"", ""head_setting:Four Prong"", ""metal_type:Yellow Gold"", ""oval_shape:Skinny"", ""overall_style:Nature Inspired"", ""setting_style:Three Stone"", ""color_intensity:Medium Blue"", ""head_setting:Four Prong"", ""metal_type:Yellow Gold"", ""oval_shape:Skinny"", ""overall_style:Nature Inspired"", ""setting_style:Three Stone"", ""color_intensity:Medium Blue"", ""head_setting:Four Prong"", ""metal_type:Yellow Gold"", ""oval_shape:Skinny"", ""overall_style:Nature Inspired"", ""setting_style:Three Stone"", ""color_intensity:Medium Blue"", ""head_setting:Four Prong"", ""metal_type:Yellow Gold"", ""oval_shape:Skinny"", ""overall_style:Nature Inspired"", ""setting_style:Three Stone"", ""color_intensity:Medium Blue"", ""head_setting:Four Prong"", ""metal_type:Yellow Gold"", ""oval_shape:Skinny"", ""overall_style:Nature Inspired"", ""setting_style:Three Stone"", ""color_intensity:Medium Blue"", ""head_setting:Four Prong"", ""metal_type:Yellow Gold"", ""oval_shape:Skinny"", ""overall_style:Nature Inspired"", ""setting_style:Three Stone"", ""color_intensity:Medium Blue"", ""head_setting:Four Prong"", ""metal_type:Yellow Gold"", ""oval_shape:Skinny"", ""overall_style:Nature Inspired"", ""setting_style:Three Stone"", ""color_intensity:Medium Blue"", ""head_setting:Four Prong"", ""metal_type:Yellow Gold"", ""oval_shape:Skinny"", ""overall_style:Nature Inspired"", ""setting_style:Three Stone""]","[""metal_type:Yellow Gold"", ""metal_type:Yellow Gold"", ""metal_type:Yellow Gold""]",I'm not sure I disklike option B. I just like option A more in all aspects,session_20250613_233742,b1bf1803b8c9f18104bc65999542f8b5.jpg
2025-06-13 23:44:49,b1bf1803b8c9f18104bc65999542f8b5.jpg,e1669e380480921b21abfce650601cac.jpg,e1669e380480921b21abfce650601cac.jpg,[],[],Don't disklike anything in particular. I like the color of the ring and metal in option A more. Thicker bands are also stronger for wear and tear so that's a factor.  I like the lead motif and the band still looks pretty solid,session_20250613_233742,b1bf1803b8c9f18104bc65999542f8b5.jpg
2025-06-13 23:47:04,55ee8daee7ed77d71d775d3805a205e5.jpg,59340afabaf4ae57528333da5e49f232.jpg,55ee8daee7ed77d71d775d3805a205e5.jpg,"[""color_intensity:Light Blue"", ""color_intensity:Light Blue""]",[],I prefer a more full shape over something super pointy. I don't think either are really my style but I do like the unique aspects of the gold ring,session_20250613_233742,59340afabaf4ae57528333da5e49f232.jpg
2025-06-13 23:48:14,9fd5303eb013fa5f04e910f0263361f8.jpg,f5306a4280a35350dd025318d52a4f92.jpg,f5306a4280a35350dd025318d52a4f92.jpg,"[""color_intensity:Medium Blue"", ""color_intensity:Medium Blue""]","[""color_intensity:Dark Blue""]",I prefer more blue or purple hues. The greens and teals are less appealing,session_20250613_233742,9fd5303eb013fa5f04e910f0263361f8.jpg
2025-06-13 23:49:25,b37cc18bd24f1407950ffca7e08c8999.jpg,259dbd705b44eec1129a30973a118285.jpg,b37cc18bd24f1407950ffca7e08c8999.jpg,[],[],I like both of these but prefer the more simple band. I do like the purple/blue coloring in the disliked ring tho,session_20250613_233742,259dbd705b44eec1129a30973a118285.jpg
2025-06-13 23:51:06,59340afabaf4ae57528333da5e49f232.jpg,c3ad54ddd82340e4003ecab33f552654.jpg,c3ad54ddd82340e4003ecab33f552654.jpg,"[""oval_shape:Normal"", ""color_intensity:Light Blue"", ""color_intensity:Light Blue"", ""color_intensity:Light Blue"", ""head_setting:Four Prong"", ""color_intensity:Light Blue"", ""color_intensity:Light Blue"", ""setting_style:Three Stone"", ""color_intensity:Light Blue"", ""setting_style:Three Stone""]",[],I do like the color on this one tho it leans more blue/green. I don't like the diamond setting/shape. Ill snag all my sweaters üò≠,session_20250613_233742,59340afabaf4ae57528333da5e49f232.jpg
2025-06-13 23:51:48,89f98141d29f1776e7cdd681fa99066a.jpg,7b36af9c468f84a65f216f9efafdd12e.jpg,89f98141d29f1776e7cdd681fa99066a.jpg,"[""setting_style:Three Stone"", ""setting_style:Three Stone"", ""setting_style:Three Stone""]","[""setting_style:Three Stone"", ""setting_style:Three Stone""]","Do not like the more geometric/art deco style. I prefer more natural, organic shapes",session_20250613_233742,7b36af9c468f84a65f216f9efafdd12e.jpg
2025-06-13 23:52:27,6d72761904577c014571407ed631d22f.jpg,f3ce7256bccd4e9a141708520c817c94.jpg,f3ce7256bccd4e9a141708520c817c94.jpg,"[""metal_type:Yellow Gold"", ""metal_type:Yellow Gold""]",[],Prefer the rose gold,session_20250613_233742,6d72761904577c014571407ed631d22f.jpg
2025-06-13 23:53:05,c6a7e1d2bef0134a305889559bac7fb7.jpg,c3ad54ddd82340e4003ecab33f552654.jpg,c3ad54ddd82340e4003ecab33f552654.jpg,"[""overall_style:Classic"", ""oval_shape:Normal"", ""oval_shape:Normal""]",[],Prefer oval to square,session_20250613_233742,c6a7e1d2bef0134a305889559bac7fb7.jpg
2025-06-13 23:53:54,04627b5398f92e8f6172775e85fef596.jpg,e1669e380480921b21abfce650601cac.jpg,e1669e380480921b21abfce650601cac.jpg,"[""overall_style:Nature Inspired"", ""overall_style:Nature Inspired""]",[],"I like the more natural, organic style",session_20250613_233742,04627b5398f92e8f6172775e85fef596.jpg
2025-06-13 23:54:59,b37cc18bd24f1407950ffca7e08c8999.jpg,c3ad54ddd82340e4003ecab33f552654.jpg,b37cc18bd24f1407950ffca7e08c8999.jpg,"[""overall_style:Vintage"", ""overall_style:Vintage""]",[],This was a hard one. I like the halo/stone ratio which really sells the first one. The other is still very nice,session_20250613_233742,c3ad54ddd82340e4003ecab33f552654.jpg
2025-06-18 13:15:00,c6a7e1d2bef0134a305889559bac7fb7.jpg,4b756779e4f0c8d4d6d7678885203dde.jpg,4b756779e4f0c8d4d6d7678885203dde.jpg,"[""overall_style:Nature Inspired"", ""overall_style:Nature Inspired""]",[],Square ‚ùé,session_20250618_131413,c6a7e1d2bef0134a305889559bac7fb7.jpg
2025-06-18 13:15:53,f3738088459afd83fd0665056b838dc7 (1).jpg,f30734ee261503287bf6c694fd2e05af.jpg,f3738088459afd83fd0665056b838dc7 (1).jpg,"[""overall_style:Classic"", ""overall_style:Classic""]",[],I think I don't like squares diamonds or triangle shapes. Soft edges all the way,session_20250618_131413,f30734ee261503287bf6c694fd2e05af.jpg
2025-07-01 0:14:40,f020ae2e8b7dc43f85eb4235f3b6d82f.jpg,59340afabaf4ae57528333da5e49f232.jpg,f020ae2e8b7dc43f85eb4235f3b6d82f.jpg,"[""head_setting:Four Prong"", ""head_setting:Four Prong"", ""head_setting:Four Prong""]",[],Don't like the points.,session_20250701_001403,59340afabaf4ae57528333da5e49f232.jpg
2025-07-01 0:15:29,361e90c269677297bb4809da9d5526be.jpg,889d1cf474beb6397aaaf4a189aa24f1.jpg,361e90c269677297bb4809da9d5526be.jpg,[],[],I don't like the stone ratio on B but A isn't my favorite either,session_20250701_001403,889d1cf474beb6397aaaf4a189aa24f1.jpg
2025-07-09 16:20:34,59ba2b3c1686fef28f267013f40f4925.jpg,40de0b836027d08ce7a62418b27fa35e.jpg,59ba2b3c1686fef28f267013f40f4925.jpg,"[""overall_style:Vintage"", ""overall_style:Vintage""]",[],The diamond on the side are too bulky,session_20250709_161959,40de0b836027d08ce7a62418b27fa35e.jpg
2025-07-09 16:21:01,f3738088459afd83fd0665056b838dc7 (1).jpg,f68227f59bfabea0a3a219fbf3461a68.jpg,f3738088459afd83fd0665056b838dc7 (1).jpg,[],[],Cube = bad,session_20250709_161959,f68227f59bfabea0a3a219fbf3461a68.jpg
2025-07-09 16:21:56,55ee8daee7ed77d71d775d3805a205e5.jpg,18471cafdf7c5f929e6d2ab6314bc99f.jpg,55ee8daee7ed77d71d775d3805a205e5.jpg,[],[],I think I just like the organic shape a little more. They are close tho,session_20250709_161959,18471cafdf7c5f929e6d2ab6314bc99f.jpg
2025-07-09 16:22:10,7e5db0cb9b4223972047975878548215.jpg,f3bd6a094c8c147e801fd3f6bf6653c4 (1).jpg,f3bd6a094c8c147e801fd3f6bf6653c4 (1).jpg,[],[],Too square haha,session_20250709_161959,7e5db0cb9b4223972047975878548215.jpg
2025-07-09 16:27:30,18471cafdf7c5f929e6d2ab6314bc99f.jpg,459341971f4423f9d51ca1cb5c5bd8ac.jpg,459341971f4423f9d51ca1cb5c5bd8ac.jpg,[],[],The one is like still has too much going on but I like it a little more. The other one is a little dark in color but it could just be the lighting,session_20250709_161959,18471cafdf7c5f929e6d2ab6314bc99f.jpg
2025-07-09 16:27:40,eb5afbf13be7510e401600c9f849051d.jpg,259dbd705b44eec1129a30973a118285.jpg,eb5afbf13be7510e401600c9f849051d.jpg,[],[],,session_20250709_161959,259dbd705b44eec1129a30973a118285.jpg
2025-07-09 16:28:12,f3738088459afd83fd0665056b838dc7.jpg,eb5afbf13be7510e401600c9f849051d.jpg,f3738088459afd83fd0665056b838dc7.jpg,[],[],The over all design is better but the stone is too round,session_20250709_161959,eb5afbf13be7510e401600c9f849051d.jpg
2025-07-11 22:02:21,4ac0b3a3c540f62b5d32de037c9ee0a5.jpg,eb5afbf13be7510e401600c9f849051d.jpg,4ac0b3a3c540f62b5d32de037c9ee0a5.jpg,[],[],,session_20250711_220207,eb5afbf13be7510e401600c9f849051d.jpg
2025-07-11 22:02:46,f392e1d0a0b82712fc120e9b78720338.jpg,49e2631a76b80460e305e9c483f3bbe1.jpg,49e2631a76b80460e305e9c483f3bbe1.jpg,[],[],,session_20250711_220207,f392e1d0a0b82712fc120e9b78720338.jpg
2025-07-11 22:02:54,e1669e380480921b21abfce650601cac.jpg,f3bd6a094c8c147e801fd3f6bf6653c4.jpg,e1669e380480921b21abfce650601cac.jpg,[],[],,session_20250711_220207,f3bd6a094c8c147e801fd3f6bf6653c4.jpg
2025-07-11 22:03:11,55ee8daee7ed77d71d775d3805a205e5.jpg,f30734ee261503287bf6c694fd2e05af.jpg,55ee8daee7ed77d71d775d3805a205e5.jpg,[],[],,session_20250711_220207,f30734ee261503287bf6c694fd2e05af.jpg
2025-07-11 22:03:21,b1bf1803b8c9f18104bc65999542f8b5.jpg,f3ce7256bccd4e9a141708520c817c94.jpg,f3ce7256bccd4e9a141708520c817c94.jpg,[],[],,session_20250711_220207,b1bf1803b8c9f18104bc65999542f8b5.jpg
2025-07-11 22:03:28,f3bd6a094c8c147e801fd3f6bf6653c4 (1).jpg,6d72761904577c014571407ed631d22f.jpg,f3bd6a094c8c147e801fd3f6bf6653c4 (1).jpg,[],[],,session_20250711_220207,6d72761904577c014571407ed631d22f.jpg
2025-07-11 22:03:39,59340afabaf4ae57528333da5e49f232.jpg,f3bd6a094c8c147e801fd3f6bf6653c4.jpg,f3bd6a094c8c147e801fd3f6bf6653c4.jpg,[],[],,session_20250711_220207,59340afabaf4ae57528333da5e49f232.jpg
2025-07-11 22:03:45,f30734ee261503287bf6c694fd2e05af.jpg,a488feb4bae45c91cc3393eabb9f82ff.jpg,a488feb4bae45c91cc3393eabb9f82ff.jpg,[],[],,session_20250711_220207,f30734ee261503287bf6c694fd2e05af.jpg
2025-07-11 22:03:54,89f98141d29f1776e7cdd681fa99066a.jpg,4b756779e4f0c8d4d6d7678885203dde.jpg,89f98141d29f1776e7cdd681fa99066a.jpg,[],[],,session_20250711_220207,4b756779e4f0c8d4d6d7678885203dde.jpg
2025-07-11 22:04:02,f392e1d0a0b82712fc120e9b78720338.jpg,b37cc18bd24f1407950ffca7e08c8999.jpg,b37cc18bd24f1407950ffca7e08c8999.jpg,[],[],,session_20250711_220207,f392e1d0a0b82712fc120e9b78720338.jpg
2025-07-11 22:04:16,d52442ed27304dea8a4c306121801c17 (1).jpg,21be5f45916f46095f40ed9a400576be.jpg,21be5f45916f46095f40ed9a400576be.jpg,[],[],,session_20250711_220207,d52442ed27304dea8a4c306121801c17 (1).jpg
2025-07-11 22:04:25,eb5afbf13be7510e401600c9f849051d.jpg,9fd5303eb013fa5f04e910f0263361f8.jpg,eb5afbf13be7510e401600c9f849051d.jpg,[],[],,session_20250711_220207,9fd5303eb013fa5f04e910f0263361f8.jpg
2025-07-11 22:04:32,459341971f4423f9d51ca1cb5c5bd8ac.jpg,361e90c269677297bb4809da9d5526be.jpg,459341971f4423f9d51ca1cb5c5bd8ac.jpg,[],[],,session_20250711_220207,361e90c269677297bb4809da9d5526be.jpg
2025-07-11 22:04:45,b00f84d2d9d1a09ee406f2c80b15e6ab.jpg,4ad1a2f6df8766e9710b1285498c3ddd.jpg,4ad1a2f6df8766e9710b1285498c3ddd.jpg,[],[],,session_20250711_220207,b00f84d2d9d1a09ee406f2c80b15e6ab.jpg
2025-07-11 22:04:54,40de0b836027d08ce7a62418b27fa35e.jpg,b1bf1803b8c9f18104bc65999542f8b5.jpg,b1bf1803b8c9f18104bc65999542f8b5.jpg,[],[],,session_20250711_220207,40de0b836027d08ce7a62418b27fa35e.jpg
2025-07-11 22:05:00,f30734ee261503287bf6c694fd2e05af.jpg,f3738088459afd83fd0665056b838dc7 (1).jpg,f3738088459afd83fd0665056b838dc7 (1).jpg,[],[],,session_20250711_220207,f30734ee261503287bf6c694fd2e05af.jpg
2025-07-11 22:05:15,21be5f45916f46095f40ed9a400576be.jpg,4ac0b3a3c540f62b5d32de037c9ee0a5.jpg,21be5f45916f46095f40ed9a400576be.jpg,[],[],,session_20250711_220207,4ac0b3a3c540f62b5d32de037c9ee0a5.jpg
2025-07-11 22:05:22,6d72761904577c014571407ed631d22f.jpg,f5306a4280a35350dd025318d52a4f92.jpg,f5306a4280a35350dd025318d52a4f92.jpg,[],[],,session_20250711_220207,6d72761904577c014571407ed631d22f.jpg
2025-07-11 22:05:29,55ee8daee7ed77d71d775d3805a205e5.jpg,889d1cf474beb6397aaaf4a189aa24f1.jpg,55ee8daee7ed77d71d775d3805a205e5.jpg,[],[],,session_20250711_220207,889d1cf474beb6397aaaf4a189aa24f1.jpg
2025-07-11 22:05:40,f3ce7256bccd4e9a141708520c817c94.jpg,0de1a07760cea13b85b0b8a8baa77927.jpg,0de1a07760cea13b85b0b8a8baa77927.jpg,[],[],,session_20250711_220207,f3ce7256bccd4e9a141708520c817c94.jpg
2025-07-11 22:05:50,259dbd705b44eec1129a30973a118285.jpg,f392e1d0a0b82712fc120e9b78720338.jpg,f392e1d0a0b82712fc120e9b78720338.jpg,[],[],,session_20250711_220207,259dbd705b44eec1129a30973a118285.jpg
2025-07-11 22:06:03,b00f84d2d9d1a09ee406f2c80b15e6ab.jpg,6d72761904577c014571407ed631d22f.jpg,b00f84d2d9d1a09ee406f2c80b15e6ab.jpg,[],[],,session_20250711_220207,6d72761904577c014571407ed631d22f.jpg
2025-07-11 22:06:09,b00f84d2d9d1a09ee406f2c80b15e6ab.jpg,dc25d3e87803b8896a13c82966694ed9.jpg,dc25d3e87803b8896a13c82966694ed9.jpg,[],[],,session_20250711_220207,b00f84d2d9d1a09ee406f2c80b15e6ab.jpg
2025-07-11 22:06:21,a84ac635ce802e60b7cc26c6bb4f6f6b.jpg,d9fa7931cb5c7596162cc03aabb272f3.jpg,d9fa7931cb5c7596162cc03aabb272f3.jpg,[],[],,session_20250711_220207,a84ac635ce802e60b7cc26c6bb4f6f6b.jpg
2025-07-11 22:06:34,f3bd6a094c8c147e801fd3f6bf6653c4 (1).jpg,55ee8daee7ed77d71d775d3805a205e5.jpg,55ee8daee7ed77d71d775d3805a205e5.jpg,[],[],,session_20250711_220207,f3bd6a094c8c147e801fd3f6bf6653c4 (1).jpg
2025-07-11 22:06:42,4ac0b3a3c540f62b5d32de037c9ee0a5.jpg,55ee8daee7ed77d71d775d3805a205e5.jpg,55ee8daee7ed77d71d775d3805a205e5.jpg,[],[],,session_20250711_220207,4ac0b3a3c540f62b5d32de037c9ee0a5.jpg
2025-07-11 22:06:48,f392e1d0a0b82712fc120e9b78720338.jpg,c6a7e1d2bef0134a305889559bac7fb7.jpg,f392e1d0a0b82712fc120e9b78720338.jpg,[],[],,session_20250711_220207,c6a7e1d2bef0134a305889559bac7fb7.jpg
2025-07-11 22:06:55,c3ad54ddd82340e4003ecab33f552654.jpg,889d1cf474beb6397aaaf4a189aa24f1.jpg,c3ad54ddd82340e4003ecab33f552654.jpg,[],[],,session_20250711_220207,889d1cf474beb6397aaaf4a189aa24f1.jpg
2025-07-11 22:07:01,f30734ee261503287bf6c694fd2e05af.jpg,f68227f59bfabea0a3a219fbf3461a68.jpg,f68227f59bfabea0a3a219fbf3461a68.jpg,[],[],,session_20250711_220207,f30734ee261503287bf6c694fd2e05af.jpg
2025-07-11 22:07:17,4f63d4d7208d03ab985962d30f85594b.jpg,4ac0b3a3c540f62b5d32de037c9ee0a5.jpg,4f63d4d7208d03ab985962d30f85594b.jpg,[],[],,session_20250711_220207,4ac0b3a3c540f62b5d32de037c9ee0a5.jpg
2025-07-11 22:07:26,dc25d3e87803b8896a13c82966694ed9.jpg,f3738088459afd83fd0665056b838dc7 (1).jpg,dc25d3e87803b8896a13c82966694ed9.jpg,[],[],,session_20250711_220207,f3738088459afd83fd0665056b838dc7 (1).jpg
2025-07-11 22:07:32,259dbd705b44eec1129a30973a118285.jpg,2780277d6efffb98e5980c447bfe1154.jpg,259dbd705b44eec1129a30973a118285.jpg,[],[],,session_20250711_220207,2780277d6efffb98e5980c447bfe1154.jpg
2025-07-11 22:07:39,04627b5398f92e8f6172775e85fef596.jpg,0de1a07760cea13b85b0b8a8baa77927.jpg,0de1a07760cea13b85b0b8a8baa77927.jpg,[],[],,session_20250711_220207,04627b5398f92e8f6172775e85fef596.jpg
2025-07-11 22:07:48,b37cc18bd24f1407950ffca7e08c8999.jpg,c3ad54ddd82340e4003ecab33f552654.jpg,c3ad54ddd82340e4003ecab33f552654.jpg,[],[],,session_20250711_220207,b37cc18bd24f1407950ffca7e08c8999.jpg
2025-07-12 17:26:45,55ee8daee7ed77d71d775d3805a205e5.jpg,c6a7e1d2bef0134a305889559bac7fb7.jpg,55ee8daee7ed77d71d775d3805a205e5.jpg,[],[],,session_20250712_172632,c6a7e1d2bef0134a305889559bac7fb7.jpg
2025-07-12 17:26:53,f3738088459afd83fd0665056b838dc7 (1).jpg,d52442ed27304dea8a4c306121801c17.jpg,d52442ed27304dea8a4c306121801c17.jpg,[],[],,session_20250712_172632,f3738088459afd83fd0665056b838dc7 (1).jpg
2025-07-12 17:26:59,a84ac635ce802e60b7cc26c6bb4f6f6b.jpg,43bafd4c4578f6a3968366503f5207a0.jpg,a84ac635ce802e60b7cc26c6bb4f6f6b.jpg,[],[],,session_20250712_172632,43bafd4c4578f6a3968366503f5207a0.jpg
2025-07-12 17:27:04,40de0b836027d08ce7a62418b27fa35e.jpg,49e2631a76b80460e305e9c483f3bbe1.jpg,49e2631a76b80460e305e9c483f3bbe1.jpg,[],[],,session_20250712_172632,40de0b836027d08ce7a62418b27fa35e.jpg
2025-07-12 17:27:11,59340afabaf4ae57528333da5e49f232.jpg,7b36af9c468f84a65f216f9efafdd12e.jpg,59340afabaf4ae57528333da5e49f232.jpg,[],[],,session_20250712_172632,7b36af9c468f84a65f216f9efafdd12e.jpg
2025-07-12 17:27:21,59340afabaf4ae57528333da5e49f232.jpg,b1bf1803b8c9f18104bc65999542f8b5.jpg,b1bf1803b8c9f18104bc65999542f8b5.jpg,[],[],,session_20250712_172632,59340afabaf4ae57528333da5e49f232.jpg
2025-07-12 17:27:28,f68227f59bfabea0a3a219fbf3461a68.jpg,b00f84d2d9d1a09ee406f2c80b15e6ab.jpg,b00f84d2d9d1a09ee406f2c80b15e6ab.jpg,[],[],,session_20250712_172632,f68227f59bfabea0a3a219fbf3461a68.jpg
2025-07-12 17:27:36,c3ad54ddd82340e4003ecab33f552654.jpg,361e90c269677297bb4809da9d5526be.jpg,c3ad54ddd82340e4003ecab33f552654.jpg,[],[],,session_20250712_172632,361e90c269677297bb4809da9d5526be.jpg
2025-07-12 17:27:45,361e90c269677297bb4809da9d5526be.jpg,89f98141d29f1776e7cdd681fa99066a.jpg,89f98141d29f1776e7cdd681fa99066a.jpg,[],[],,session_20250712_172632,361e90c269677297bb4809da9d5526be.jpg
2025-07-12 17:27:52,dc25d3e87803b8896a13c82966694ed9.jpg,361e90c269677297bb4809da9d5526be.jpg,dc25d3e87803b8896a13c82966694ed9.jpg,[],[],,session_20250712_172632,361e90c269677297bb4809da9d5526be.jpg
2025-07-12 17:28:04,d9fa7931cb5c7596162cc03aabb272f3.jpg,f68227f59bfabea0a3a219fbf3461a68.jpg,d9fa7931cb5c7596162cc03aabb272f3.jpg,[],[],,session_20250712_172632,f68227f59bfabea0a3a219fbf3461a68.jpg
2025-07-12 17:28:16,a84ac635ce802e60b7cc26c6bb4f6f6b.jpg,4ac0b3a3c540f62b5d32de037c9ee0a5.jpg,4ac0b3a3c540f62b5d32de037c9ee0a5.jpg,[],[],,session_20250712_172632,a84ac635ce802e60b7cc26c6bb4f6f6b.jpg
2025-07-12 17:28:25,4ad1a2f6df8766e9710b1285498c3ddd.jpg,a621ce9cb2d22941d1ca8d8573082490.jpg,a621ce9cb2d22941d1ca8d8573082490.jpg,[],[],,session_20250712_172632,4ad1a2f6df8766e9710b1285498c3ddd.jpg
2025-07-12 17:28:38,b00f84d2d9d1a09ee406f2c80b15e6ab.jpg,d9fa7931cb5c7596162cc03aabb272f3.jpg,b00f84d2d9d1a09ee406f2c80b15e6ab.jpg,[],[],,session_20250712_172632,d9fa7931cb5c7596162cc03aabb272f3.jpg
2025-07-12 17:29:02,d52442ed27304dea8a4c306121801c17 (1).jpg,04627b5398f92e8f6172775e85fef596.jpg,d52442ed27304dea8a4c306121801c17 (1).jpg,[],[],,session_20250712_172632,04627b5398f92e8f6172775e85fef596.jpg
2025-07-12 17:29:07,4ad1a2f6df8766e9710b1285498c3ddd.jpg,89f98141d29f1776e7cdd681fa99066a.jpg,89f98141d29f1776e7cdd681fa99066a.jpg,[],[],,session_20250712_172632,4ad1a2f6df8766e9710b1285498c3ddd.jpg
2025-07-12 17:29:15,a488feb4bae45c91cc3393eabb9f82ff.jpg,59340afabaf4ae57528333da5e49f232.jpg,a488feb4bae45c91cc3393eabb9f82ff.jpg,[],[],,session_20250712_172632,59340afabaf4ae57528333da5e49f232.jpg
2025-07-12 17:29:33,43bafd4c4578f6a3968366503f5207a0.jpg,c6a7e1d2bef0134a305889559bac7fb7.jpg,43bafd4c4578f6a3968366503f5207a0.jpg,"[""setting_style:Solitaire"", ""setting_style:Solitaire""]",[],,session_20250712_172632,c6a7e1d2bef0134a305889559bac7fb7.jpg
2025-07-12 17:29:52,6d72761904577c014571407ed631d22f.jpg,c3ad54ddd82340e4003ecab33f552654.jpg,c3ad54ddd82340e4003ecab33f552654.jpg,[],[],,session_20250712_172632,6d72761904577c014571407ed631d22f.jpg
2025-07-12 17:30:05,43bafd4c4578f6a3968366503f5207a0.jpg,59ba2b3c1686fef28f267013f40f4925.jpg,43bafd4c4578f6a3968366503f5207a0.jpg,"[""setting_style:Solitaire"", ""setting_style:Solitaire""]",[],,session_20250712_172632,59ba2b3c1686fef28f267013f40f4925.jpg
2025-07-12 17:30:11,6d72761904577c014571407ed631d22f.jpg,f5306a4280a35350dd025318d52a4f92.jpg,f5306a4280a35350dd025318d52a4f92.jpg,[],[],,session_20250712_172632,6d72761904577c014571407ed631d22f.jpg
2025-07-12 17:30:23,9fd5303eb013fa5f04e910f0263361f8.jpg,eb5afbf13be7510e401600c9f849051d.jpg,9fd5303eb013fa5f04e910f0263361f8.jpg,[],[],,session_20250712_172632,eb5afbf13be7510e401600c9f849051d.jpg
2025-07-12 17:30:44,4b756779e4f0c8d4d6d7678885203dde.jpg,0de1a07760cea13b85b0b8a8baa77927.jpg,0de1a07760cea13b85b0b8a8baa77927.jpg,[],[],,session_20250712_172632,4b756779e4f0c8d4d6d7678885203dde.jpg
2025-07-16 21:44:04,1c8f8c86776e51df50682ce6e25f845d.jpg,f5306a4280a35350dd025318d52a4f92.jpg,f5306a4280a35350dd025318d52a4f92.jpg,[],[],,session_20250716_214324,1c8f8c86776e51df50682ce6e25f845d.jpg
2025-07-16 21:44:12,b37cc18bd24f1407950ffca7e08c8999.jpg,459341971f4423f9d51ca1cb5c5bd8ac.jpg,b37cc18bd24f1407950ffca7e08c8999.jpg,[],[],,session_20250716_214324,459341971f4423f9d51ca1cb5c5bd8ac.jpg
2025-07-16 21:44:32,f020ae2e8b7dc43f85eb4235f3b6d82f.jpg,f3738088459afd83fd0665056b838dc7 (1).jpg,f3738088459afd83fd0665056b838dc7 (1).jpg,[],[],,session_20250716_214324,f020ae2e8b7dc43f85eb4235f3b6d82f.jpg
2025-07-16 21:45:03,21be5f45916f46095f40ed9a400576be.jpg,0ce95140ee1c91b43a5f34c5a4378300.jpg,0ce95140ee1c91b43a5f34c5a4378300.jpg,[],[],,session_20250716_214324,21be5f45916f46095f40ed9a400576be.jpg
2025-07-16 21:45:15,4b756779e4f0c8d4d6d7678885203dde.jpg,459341971f4423f9d51ca1cb5c5bd8ac.jpg,4b756779e4f0c8d4d6d7678885203dde.jpg,[],[],,session_20250716_214324,459341971f4423f9d51ca1cb5c5bd8ac.jpg
2025-07-16 21:45:26,b1bf1803b8c9f18104bc65999542f8b5.jpg,d9fa7931cb5c7596162cc03aabb272f3.jpg,d9fa7931cb5c7596162cc03aabb272f3.jpg,[],[],,session_20250716_214324,b1bf1803b8c9f18104bc65999542f8b5.jpg
2025-07-16 21:45:39,59ba2b3c1686fef28f267013f40f4925.jpg,d9fa7931cb5c7596162cc03aabb272f3.jpg,d9fa7931cb5c7596162cc03aabb272f3.jpg,[],[],,session_20250716_214324,59ba2b3c1686fef28f267013f40f4925.jpg
2025-07-16 21:45:49,a488feb4bae45c91cc3393eabb9f82ff.jpg,0de1a07760cea13b85b0b8a8baa77927.jpg,0de1a07760cea13b85b0b8a8baa77927.jpg,[],[],,session_20250716_214324,a488feb4bae45c91cc3393eabb9f82ff.jpg
2025-07-16 21:46:02,323b08cce71765b8b9428a31463bbdd1.jpg,2f7514a6af8a2824769e9a47d6b67a82.jpg,2f7514a6af8a2824769e9a47d6b67a82.jpg,[],[],,session_20250716_214324,323b08cce71765b8b9428a31463bbdd1.jpg
2025-07-16 21:46:14,85a5d97bd6c0b3d04854d00ae3a44bb5.jpg,f5306a4280a35350dd025318d52a4f92.jpg,85a5d97bd6c0b3d04854d00ae3a44bb5.jpg,[],[],,session_20250716_214324,f5306a4280a35350dd025318d52a4f92.jpg
2025-07-16 21:46:24,21be5f45916f46095f40ed9a400576be.jpg,459341971f4423f9d51ca1cb5c5bd8ac.jpg,21be5f45916f46095f40ed9a400576be.jpg,[],[],,session_20250716_214324,459341971f4423f9d51ca1cb5c5bd8ac.jpg
2025-07-16 21:46:37,21be5f45916f46095f40ed9a400576be.jpg,f3ce7256bccd4e9a141708520c817c94.jpg,21be5f45916f46095f40ed9a400576be.jpg,[],[],,session_20250716_214324,f3ce7256bccd4e9a141708520c817c94.jpg
2025-07-16 21:47:00,8807e23366936f414418a96be2025ff7.jpg,f5306a4280a35350dd025318d52a4f92.jpg,f5306a4280a35350dd025318d52a4f92.jpg,[],[],,session_20250716_214324,8807e23366936f414418a96be2025ff7.jpg
2025-07-16 21:47:11,a621ce9cb2d22941d1ca8d8573082490.jpg,f3738088459afd83fd0665056b838dc7 (1).jpg,f3738088459afd83fd0665056b838dc7 (1).jpg,[],[],,session_20250716_214324,a621ce9cb2d22941d1ca8d8573082490.jpg
2025-07-16 21:47:20,1c8f8c86776e51df50682ce6e25f845d.jpg,43bafd4c4578f6a3968366503f5207a0.jpg,1c8f8c86776e51df50682ce6e25f845d.jpg,[],[],,session_20250716_214324,43bafd4c4578f6a3968366503f5207a0.jpg
2025-07-16 21:47:29,1c8f8c86776e51df50682ce6e25f845d.jpg,f392e1d0a0b82712fc120e9b78720338.jpg,1c8f8c86776e51df50682ce6e25f845d.jpg,[],[],,session_20250716_214324,f392e1d0a0b82712fc120e9b78720338.jpg
2025-07-16 21:47:40,f3738088459afd83fd0665056b838dc7 (1).jpg,d9fa7931cb5c7596162cc03aabb272f3.jpg,d9fa7931cb5c7596162cc03aabb272f3.jpg,[],[],,session_20250716_214324,f3738088459afd83fd0665056b838dc7 (1).jpg
2025-07-16 21:47:46,a621ce9cb2d22941d1ca8d8573082490.jpg,2f7514a6af8a2824769e9a47d6b67a82.jpg,2f7514a6af8a2824769e9a47d6b67a82.jpg,[],[],,session_20250716_214324,a621ce9cb2d22941d1ca8d8573082490.jpg
2025-07-16 21:48:26,8807e23366936f414418a96be2025ff7.jpg,0ce95140ee1c91b43a5f34c5a4378300.jpg,8807e23366936f414418a96be2025ff7.jpg,[],[],,session_20250716_214324,0ce95140ee1c91b43a5f34c5a4378300.jpg
2025-07-16 21:48:38,f392e1d0a0b82712fc120e9b78720338.jpg,1c8f8c86776e51df50682ce6e25f845d.jpg,1c8f8c86776e51df50682ce6e25f845d.jpg,[],[],,session_20250716_214324,f392e1d0a0b82712fc120e9b78720338.jpg
2025-07-19 0:27:42,a488feb4bae45c91cc3393eabb9f82ff.jpg,8807e23366936f414418a96be2025ff7.jpg,a488feb4bae45c91cc3393eabb9f82ff.jpg,[],[],,session_20250719_002706,8807e23366936f414418a96be2025ff7.jpg
2025-07-19 0:27:51,f3ce7256bccd4e9a141708520c817c94.jpg,323b08cce71765b8b9428a31463bbdd1.jpg,323b08cce71765b8b9428a31463bbdd1.jpg,[],[],,session_20250719_002706,f3ce7256bccd4e9a141708520c817c94.jpg
2025-07-19 0:28:00,43bafd4c4578f6a3968366503f5207a0.jpg,a488feb4bae45c91cc3393eabb9f82ff.jpg,a488feb4bae45c91cc3393eabb9f82ff.jpg,[],[],,session_20250719_002706,43bafd4c4578f6a3968366503f5207a0.jpg
2025-07-19 0:28:35,a488feb4bae45c91cc3393eabb9f82ff.jpg,0ce95140ee1c91b43a5f34c5a4378300.jpg,0ce95140ee1c91b43a5f34c5a4378300.jpg,[],[],,session_20250719_002706,a488feb4bae45c91cc3393eabb9f82ff.jpg
2025-07-19 0:28:48,43bafd4c4578f6a3968366503f5207a0.jpg,a488feb4bae45c91cc3393eabb9f82ff.jpg,a488feb4bae45c91cc3393eabb9f82ff.jpg,[],[],,session_20250719_002706,43bafd4c4578f6a3968366503f5207a0.jpg
2025-07-19 0:29:06,1c8f8c86776e51df50682ce6e25f845d.jpg,49e2631a76b80460e305e9c483f3bbe1.jpg,1c8f8c86776e51df50682ce6e25f845d.jpg,[],[],,session_20250719_002706,49e2631a76b80460e305e9c483f3bbe1.jpg
2025-07-19 0:29:13,43bafd4c4578f6a3968366503f5207a0.jpg,a488feb4bae45c91cc3393eabb9f82ff.jpg,a488feb4bae45c91cc3393eabb9f82ff.jpg,[],[],,session_20250719_002706,43bafd4c4578f6a3968366503f5207a0.jpg
2025-07-19 0:29:21,f020ae2e8b7dc43f85eb4235f3b6d82f.jpg,a488feb4bae45c91cc3393eabb9f82ff.jpg,a488feb4bae45c91cc3393eabb9f82ff.jpg,[],[],,session_20250719_002706,f020ae2e8b7dc43f85eb4235f3b6d82f.jpg
2025-07-19 0:29:27,43bafd4c4578f6a3968366503f5207a0.jpg,a488feb4bae45c91cc3393eabb9f82ff.jpg,a488feb4bae45c91cc3393eabb9f82ff.jpg,[],[],,session_20250719_002706,43bafd4c4578f6a3968366503f5207a0.jpg
2025-07-19 0:29:37,a488feb4bae45c91cc3393eabb9f82ff.jpg,8807e23366936f414418a96be2025ff7.jpg,a488feb4bae45c91cc3393eabb9f82ff.jpg,[],[],,session_20250719_002706,8807e23366936f414418a96be2025ff7.jpg
2025-07-19 0:29:56,1c8f8c86776e51df50682ce6e25f845d.jpg,2f7514a6af8a2824769e9a47d6b67a82.jpg,2f7514a6af8a2824769e9a47d6b67a82.jpg,[],[],,session_20250719_002706,1c8f8c86776e51df50682ce6e25f845d.jpg
2025-07-19 0:30:25,e1669e380480921b21abfce650601cac.jpg,1c8f8c86776e51df50682ce6e25f845d.jpg,e1669e380480921b21abfce650601cac.jpg,[],[],,session_20250719_002706,1c8f8c86776e51df50682ce6e25f845d.jpg
2025-07-19 0:30:33,f020ae2e8b7dc43f85eb4235f3b6d82f.jpg,43bafd4c4578f6a3968366503f5207a0.jpg,43bafd4c4578f6a3968366503f5207a0.jpg,[],[],,session_20250719_002706,f020ae2e8b7dc43f85eb4235f3b6d82f.jpg
2025-07-19 0:30:50,43bafd4c4578f6a3968366503f5207a0.jpg,8807e23366936f414418a96be2025ff7.jpg,8807e23366936f414418a96be2025ff7.jpg,[],[],,session_20250719_002706,43bafd4c4578f6a3968366503f5207a0.jpg
2025-07-19 0:31:00,e1669e380480921b21abfce650601cac.jpg,2f7514a6af8a2824769e9a47d6b67a82.jpg,2f7514a6af8a2824769e9a47d6b67a82.jpg,[],[],,session_20250719_002706,e1669e380480921b21abfce650601cac.jpg
2025-07-19 0:31:06,43bafd4c4578f6a3968366503f5207a0.jpg,0ce95140ee1c91b43a5f34c5a4378300.jpg,0ce95140ee1c91b43a5f34c5a4378300.jpg,[],[],,session_20250719_002706,43bafd4c4578f6a3968366503f5207a0.jpg
2025-07-19 0:31:14,1c8f8c86776e51df50682ce6e25f845d.jpg,49e2631a76b80460e305e9c483f3bbe1.jpg,1c8f8c86776e51df50682ce6e25f845d.jpg,[],[],,session_20250719_002706,49e2631a76b80460e305e9c483f3bbe1.jpg
2025-07-19 0:31:20,f020ae2e8b7dc43f85eb4235f3b6d82f.jpg,a488feb4bae45c91cc3393eabb9f82ff.jpg,a488feb4bae45c91cc3393eabb9f82ff.jpg,[],[],,session_20250719_002706,f020ae2e8b7dc43f85eb4235f3b6d82f.jpg
2025-07-19 0:31:26,43bafd4c4578f6a3968366503f5207a0.jpg,8807e23366936f414418a96be2025ff7.jpg,8807e23366936f414418a96be2025ff7.jpg,[],[],,session_20250719_002706,43bafd4c4578f6a3968366503f5207a0.jpg
2025-07-19 0:31:35,f3ce7256bccd4e9a141708520c817c94.jpg,8807e23366936f414418a96be2025ff7.jpg,8807e23366936f414418a96be2025ff7.jpg,[],[],,session_20250719_002706,f3ce7256bccd4e9a141708520c817c94.jpg
2025-07-19 0:31:50,f3ce7256bccd4e9a141708520c817c94.jpg,323b08cce71765b8b9428a31463bbdd1.jpg,323b08cce71765b8b9428a31463bbdd1.jpg,[],[],,session_20250719_002706,f3ce7256bccd4e9a141708520c817c94.jpg
2025-07-19 22:37:47,323b08cce71765b8b9428a31463bbdd1.jpg,71eec350dd4204ec27d47000fd464744.jpg,323b08cce71765b8b9428a31463bbdd1.jpg,[],[],,session_20250719_223736,71eec350dd4204ec27d47000fd464744.jpg
2025-07-19 22:37:54,f020ae2e8b7dc43f85eb4235f3b6d82f.jpg,71eec350dd4204ec27d47000fd464744.jpg,71eec350dd4204ec27d47000fd464744.jpg,[],[],,session_20250719_223736,f020ae2e8b7dc43f85eb4235f3b6d82f.jpg
2025-07-19 22:37:59,f020ae2e8b7dc43f85eb4235f3b6d82f.jpg,323b08cce71765b8b9428a31463bbdd1.jpg,323b08cce71765b8b9428a31463bbdd1.jpg,[],[],,session_20250719_223736,f020ae2e8b7dc43f85eb4235f3b6d82f.jpg
2025-07-19 22:38:14,71eec350dd4204ec27d47000fd464744.jpg,8807e23366936f414418a96be2025ff7.jpg,8807e23366936f414418a96be2025ff7.jpg,[],[],,session_20250719_223736,71eec350dd4204ec27d47000fd464744.jpg
2025-07-19 22:38:21,49e2631a76b80460e305e9c483f3bbe1.jpg,2f7514a6af8a2824769e9a47d6b67a82.jpg,2f7514a6af8a2824769e9a47d6b67a82.jpg,[],[],,session_20250719_223736,49e2631a76b80460e305e9c483f3bbe1.jpg
2025-07-19 22:38:39,4f63d4d7208d03ab985962d30f85594b.jpg,85a5d97bd6c0b3d04854d00ae3a44bb5.jpg,85a5d97bd6c0b3d04854d00ae3a44bb5.jpg,[],[],,session_20250719_223736,4f63d4d7208d03ab985962d30f85594b.jpg
2025-07-19 22:38:47,323b08cce71765b8b9428a31463bbdd1.jpg,71eec350dd4204ec27d47000fd464744.jpg,323b08cce71765b8b9428a31463bbdd1.jpg,[],[],,session_20250719_223736,71eec350dd4204ec27d47000fd464744.jpg
2025-07-19 22:39:02,323b08cce71765b8b9428a31463bbdd1.jpg,0ce95140ee1c91b43a5f34c5a4378300.jpg,323b08cce71765b8b9428a31463bbdd1.jpg,[],[],,session_20250719_223736,0ce95140ee1c91b43a5f34c5a4378300.jpg
2025-07-19 22:39:11,71eec350dd4204ec27d47000fd464744.jpg,e42a9007151b389e5647f080471c7b55.jpg,71eec350dd4204ec27d47000fd464744.jpg,[],[],,session_20250719_223736,e42a9007151b389e5647f080471c7b55.jpg
2025-07-19 22:39:23,323b08cce71765b8b9428a31463bbdd1.jpg,8807e23366936f414418a96be2025ff7.jpg,323b08cce71765b8b9428a31463bbdd1.jpg,[],[],,session_20250719_223736,8807e23366936f414418a96be2025ff7.jpg
2025-07-19 22:39:33,4f63d4d7208d03ab985962d30f85594b.jpg,85a5d97bd6c0b3d04854d00ae3a44bb5.jpg,85a5d97bd6c0b3d04854d00ae3a44bb5.jpg,[],[],,session_20250719_223736,4f63d4d7208d03ab985962d30f85594b.jpg
2025-07-19 22:39:42,323b08cce71765b8b9428a31463bbdd1.jpg,e42a9007151b389e5647f080471c7b55.jpg,323b08cce71765b8b9428a31463bbdd1.jpg,[],[],,session_20250719_223736,e42a9007151b389e5647f080471c7b55.jpg
2025-07-19 22:40:01,71eec350dd4204ec27d47000fd464744.jpg,8807e23366936f414418a96be2025ff7.jpg,8807e23366936f414418a96be2025ff7.jpg,[],[],,session_20250719_223736,71eec350dd4204ec27d47000fd464744.jpg
2025-07-19 22:40:08,8807e23366936f414418a96be2025ff7.jpg,e42a9007151b389e5647f080471c7b55.jpg,8807e23366936f414418a96be2025ff7.jpg,[],[],,session_20250719_223736,e42a9007151b389e5647f080471c7b55.jpg
2025-07-19 22:40:15,323b08cce71765b8b9428a31463bbdd1.jpg,e42a9007151b389e5647f080471c7b55.jpg,323b08cce71765b8b9428a31463bbdd1.jpg,[],[],,session_20250719_223736,e42a9007151b389e5647f080471c7b55.jpg
2025-07-19 22:40:21,4f63d4d7208d03ab985962d30f85594b.jpg,85a5d97bd6c0b3d04854d00ae3a44bb5.jpg,85a5d97bd6c0b3d04854d00ae3a44bb5.jpg,[],[],,session_20250719_223736,4f63d4d7208d03ab985962d30f85594b.jpg
2025-07-19 22:40:32,0ce95140ee1c91b43a5f34c5a4378300.jpg,e42a9007151b389e5647f080471c7b55.jpg,0ce95140ee1c91b43a5f34c5a4378300.jpg,[],[],,session_20250719_223736,e42a9007151b389e5647f080471c7b55.jpg
2025-07-19 22:40:41,8807e23366936f414418a96be2025ff7.jpg,e42a9007151b389e5647f080471c7b55.jpg,8807e23366936f414418a96be2025ff7.jpg,[],[],,session_20250719_223736,e42a9007151b389e5647f080471c7b55.jpg
2025-07-19 22:40:49,71eec350dd4204ec27d47000fd464744.jpg,e42a9007151b389e5647f080471c7b55.jpg,71eec350dd4204ec27d47000fd464744.jpg,[],[],,session_20250719_223736,e42a9007151b389e5647f080471c7b55.jpg
2025-07-19 22:40:57,8807e23366936f414418a96be2025ff7.jpg,e42a9007151b389e5647f080471c7b55.jpg,8807e23366936f414418a96be2025ff7.jpg,[],[],,session_20250719_223736,e42a9007151b389e5647f080471c7b55.jpg
2025-07-19 22:41:07,71eec350dd4204ec27d47000fd464744.jpg,e42a9007151b389e5647f080471c7b55.jpg,71eec350dd4204ec27d47000fd464744.jpg,[],[],,session_20250719_223736,e42a9007151b389e5647f080471c7b55.jpg
2025-07-19 22:41:13,71eec350dd4204ec27d47000fd464744.jpg,e42a9007151b389e5647f080471c7b55.jpg,71eec350dd4204ec27d47000fd464744.jpg,[],[],,session_20250719_223736,e42a9007151b389e5647f080471c7b55.jpg
2025-07-19 22:41:22,71eec350dd4204ec27d47000fd464744.jpg,e42a9007151b389e5647f080471c7b55.jpg,71eec350dd4204ec27d47000fd464744.jpg,[],[],,session_20250719_223736,e42a9007151b389e5647f080471c7b55.jpg
2025-07-19 22:41:30,323b08cce71765b8b9428a31463bbdd1.jpg,8807e23366936f414418a96be2025ff7.jpg,323b08cce71765b8b9428a31463bbdd1.jpg,[],[],,session_20250719_223736,8807e23366936f414418a96be2025ff7.jpg
2025-07-19 22:41:36,f020ae2e8b7dc43f85eb4235f3b6d82f.jpg,e42a9007151b389e5647f080471c7b55.jpg,e42a9007151b389e5647f080471c7b55.jpg,[],[],,session_20250719_223736,f020ae2e8b7dc43f85eb4235f3b6d82f.jpg
2025-07-19 22:41:42,4f63d4d7208d03ab985962d30f85594b.jpg,85a5d97bd6c0b3d04854d00ae3a44bb5.jpg,85a5d97bd6c0b3d04854d00ae3a44bb5.jpg,[],[],,session_20250719_223736,4f63d4d7208d03ab985962d30f85594b.jpg
2025-07-19 22:41:50,323b08cce71765b8b9428a31463bbdd1.jpg,0ce95140ee1c91b43a5f34c5a4378300.jpg,323b08cce71765b8b9428a31463bbdd1.jpg,[],[],,session_20250719_223736,0ce95140ee1c91b43a5f34c5a4378300.jpg
2025-07-20 20:41:02,f392e1d0a0b82712fc120e9b78720338.jpg,59ba2b3c1686fef28f267013f40f4925.jpg,f392e1d0a0b82712fc120e9b78720338.jpg,[],[],,session_20250720_204028,59ba2b3c1686fef28f267013f40f4925.jpg
2025-07-20 20:42:24,b37cc18bd24f1407950ffca7e08c8999.jpg,dc25d3e87803b8896a13c82966694ed9.jpg,b37cc18bd24f1407950ffca7e08c8999.jpg,[],[],,session_20250720_204028,dc25d3e87803b8896a13c82966694ed9.jpg
2025-07-20 20:55:56,d9fa7931cb5c7596162cc03aabb272f3.jpg,8807e23366936f414418a96be2025ff7.jpg,d9fa7931cb5c7596162cc03aabb272f3.jpg,[],[],,session_20250720_205517,8807e23366936f414418a96be2025ff7.jpg
2025-07-20 20:56:12,49e2631a76b80460e305e9c483f3bbe1.jpg,eb5afbf13be7510e401600c9f849051d.jpg,49e2631a76b80460e305e9c483f3bbe1.jpg,[],[],,session_20250720_205517,eb5afbf13be7510e401600c9f849051d.jpg
2025-07-20 20:56:45,b1bf1803b8c9f18104bc65999542f8b5.jpg,459341971f4423f9d51ca1cb5c5bd8ac.jpg,459341971f4423f9d51ca1cb5c5bd8ac.jpg,[],[],,session_20250720_205517,b1bf1803b8c9f18104bc65999542f8b5.jpg
2025-07-20 20:57:00,21be5f45916f46095f40ed9a400576be.jpg,dc25d3e87803b8896a13c82966694ed9.jpg,dc25d3e87803b8896a13c82966694ed9.jpg,[],[],,session_20250720_205517,21be5f45916f46095f40ed9a400576be.jpg
2025-07-20 20:57:24,4b756779e4f0c8d4d6d7678885203dde.jpg,0ce95140ee1c91b43a5f34c5a4378300.jpg,0ce95140ee1c91b43a5f34c5a4378300.jpg,[],[],,session_20250720_205517,4b756779e4f0c8d4d6d7678885203dde.jpg
2025-07-20 20:57:35,e1669e380480921b21abfce650601cac.jpg,f3738088459afd83fd0665056b838dc7 (1).jpg,e1669e380480921b21abfce650601cac.jpg,[],[],,session_20250720_205517,f3738088459afd83fd0665056b838dc7 (1).jpg
2025-07-20 20:57:48,89f98141d29f1776e7cdd681fa99066a.jpg,85a5d97bd6c0b3d04854d00ae3a44bb5.jpg,85a5d97bd6c0b3d04854d00ae3a44bb5.jpg,[],[],,session_20250720_205517,89f98141d29f1776e7cdd681fa99066a.jpg
2025-07-20 20:58:07,d52442ed27304dea8a4c306121801c17 (1).jpg,0ce95140ee1c91b43a5f34c5a4378300.jpg,0ce95140ee1c91b43a5f34c5a4378300.jpg,[],[],,session_20250720_205517,d52442ed27304dea8a4c306121801c17 (1).jpg
2025-07-20 20:58:20,b00f84d2d9d1a09ee406f2c80b15e6ab.jpg,4b756779e4f0c8d4d6d7678885203dde.jpg,4b756779e4f0c8d4d6d7678885203dde.jpg,[],[],,session_20250720_205517,b00f84d2d9d1a09ee406f2c80b15e6ab.jpg
2025-07-20 20:58:30,b00f84d2d9d1a09ee406f2c80b15e6ab.jpg,f3738088459afd83fd0665056b838dc7 (1).jpg,b00f84d2d9d1a09ee406f2c80b15e6ab.jpg,[],[],,session_20250720_205517,f3738088459afd83fd0665056b838dc7 (1).jpg
2025-07-20 20:58:39,c3ad54ddd82340e4003ecab33f552654.jpg,2f7514a6af8a2824769e9a47d6b67a82.jpg,2f7514a6af8a2824769e9a47d6b67a82.jpg,[],[],,session_20250720_205517,c3ad54ddd82340e4003ecab33f552654.jpg
2025-07-20 21:37:05,f392e1d0a0b82712fc120e9b78720338.jpg,eb5afbf13be7510e401600c9f849051d.jpg,f392e1d0a0b82712fc120e9b78720338.jpg,[],[],,session_20250720_213635,eb5afbf13be7510e401600c9f849051d.jpg
2025-07-20 21:37:30,2f7514a6af8a2824769e9a47d6b67a82.jpg,85a5d97bd6c0b3d04854d00ae3a44bb5.jpg,85a5d97bd6c0b3d04854d00ae3a44bb5.jpg,[],[],,session_20250720_213635,2f7514a6af8a2824769e9a47d6b67a82.jpg
2025-07-20 21:37:52,4b756779e4f0c8d4d6d7678885203dde.jpg,0ce95140ee1c91b43a5f34c5a4378300.jpg,0ce95140ee1c91b43a5f34c5a4378300.jpg,[],[],,session_20250720_213635,4b756779e4f0c8d4d6d7678885203dde.jpg
2025-07-21 11:50:44,55ee8daee7ed77d71d775d3805a205e5.jpg,85a5d97bd6c0b3d04854d00ae3a44bb5.jpg,85a5d97bd6c0b3d04854d00ae3a44bb5.jpg,[],[],,session_20250721_115033,55ee8daee7ed77d71d775d3805a205e5.jpg
2025-07-21 11:50:55,b37cc18bd24f1407950ffca7e08c8999.jpg,89f98141d29f1776e7cdd681fa99066a.jpg,89f98141d29f1776e7cdd681fa99066a.jpg,[],[],,session_20250721_115033,b37cc18bd24f1407950ffca7e08c8999.jpg
2025-07-21 11:51:09,d52442ed27304dea8a4c306121801c17 (1).jpg,4b756779e4f0c8d4d6d7678885203dde.jpg,4b756779e4f0c8d4d6d7678885203dde.jpg,[],[],,session_20250721_115033,d52442ed27304dea8a4c306121801c17 (1).jpg
2025-07-21 11:51:28,f392e1d0a0b82712fc120e9b78720338.jpg,f3bd6a094c8c147e801fd3f6bf6653c4 (1).jpg,f3bd6a094c8c147e801fd3f6bf6653c4 (1).jpg,[],[],,session_20250721_115033,f392e1d0a0b82712fc120e9b78720338.jpg
2025-07-21 11:52:49,4ac0b3a3c540f62b5d32de037c9ee0a5.jpg,459341971f4423f9d51ca1cb5c5bd8ac.jpg,4ac0b3a3c540f62b5d32de037c9ee0a5.jpg,[],[],,session_20250721_115033,459341971f4423f9d51ca1cb5c5bd8ac.jpg
2025-07-21 11:52:58,89f98141d29f1776e7cdd681fa99066a.jpg,c3ad54ddd82340e4003ecab33f552654.jpg,89f98141d29f1776e7cdd681fa99066a.jpg,[],[],,session_20250721_115033,c3ad54ddd82340e4003ecab33f552654.jpg
2025-07-21 11:53:11,f392e1d0a0b82712fc120e9b78720338.jpg,f3bd6a094c8c147e801fd3f6bf6653c4 (1).jpg,f3bd6a094c8c147e801fd3f6bf6653c4 (1).jpg,[],[],,session_20250721_115033,f392e1d0a0b82712fc120e9b78720338.jpg
2025-07-21 11:53:32,f5306a4280a35350dd025318d52a4f92.jpg,c3ad54ddd82340e4003ecab33f552654.jpg,f5306a4280a35350dd025318d52a4f92.jpg,[],[],,session_20250721_115033,c3ad54ddd82340e4003ecab33f552654.jpg
2025-07-21 11:53:46,d52442ed27304dea8a4c306121801c17 (1).jpg,49e2631a76b80460e305e9c483f3bbe1.jpg,d52442ed27304dea8a4c306121801c17 (1).jpg,[],[],,session_20250721_115033,49e2631a76b80460e305e9c483f3bbe1.jpg
2025-07-21 16:09:29,1c8f8c86776e51df50682ce6e25f845d.jpg,21be5f45916f46095f40ed9a400576be.jpg,1c8f8c86776e51df50682ce6e25f845d.jpg,[],[],,session_20250721_160809,21be5f45916f46095f40ed9a400576be.jpg
2025-07-21 16:10:38,89f98141d29f1776e7cdd681fa99066a.jpg,0ce95140ee1c91b43a5f34c5a4378300.jpg,89f98141d29f1776e7cdd681fa99066a.jpg,[],[],,session_20250721_160809,0ce95140ee1c91b43a5f34c5a4378300.jpg
2025-07-21 16:11:08,b37cc18bd24f1407950ffca7e08c8999.jpg,0ce95140ee1c91b43a5f34c5a4378300.jpg,b37cc18bd24f1407950ffca7e08c8999.jpg,[],[],,session_20250721_160809,0ce95140ee1c91b43a5f34c5a4378300.jpg
2025-07-21 16:11:16,89f98141d29f1776e7cdd681fa99066a.jpg,c3ad54ddd82340e4003ecab33f552654.jpg,89f98141d29f1776e7cdd681fa99066a.jpg,[],[],,session_20250721_160809,c3ad54ddd82340e4003ecab33f552654.jpg
2025-07-21 16:11:27,4ac0b3a3c540f62b5d32de037c9ee0a5.jpg,d52442ed27304dea8a4c306121801c17 (1).jpg,d52442ed27304dea8a4c306121801c17 (1).jpg,[],[],,session_20250721_160809,4ac0b3a3c540f62b5d32de037c9ee0a5.jpg
2025-07-21 16:12:08,b00f84d2d9d1a09ee406f2c80b15e6ab.jpg,f3bd6a094c8c147e801fd3f6bf6653c4 (1).jpg,f3bd6a094c8c147e801fd3f6bf6653c4 (1).jpg,[],[],,session_20250721_160809,b00f84d2d9d1a09ee406f2c80b15e6ab.jpg
2025-07-21 16:12:24,0ce95140ee1c91b43a5f34c5a4378300.jpg,2f7514a6af8a2824769e9a47d6b67a82.jpg,2f7514a6af8a2824769e9a47d6b67a82.jpg,[],[],,session_20250721_160809,0ce95140ee1c91b43a5f34c5a4378300.jpg
2025-07-21 16:12:43,a488feb4bae45c91cc3393eabb9f82ff.jpg,55ee8daee7ed77d71d775d3805a205e5.jpg,a488feb4bae45c91cc3393eabb9f82ff.jpg,[],[],,session_20250721_160809,55ee8daee7ed77d71d775d3805a205e5.jpg
2025-07-21 16:13:05,4ac0b3a3c540f62b5d32de037c9ee0a5.jpg,49e2631a76b80460e305e9c483f3bbe1.jpg,49e2631a76b80460e305e9c483f3bbe1.jpg,[],[],,session_20250721_160809,4ac0b3a3c540f62b5d32de037c9ee0a5.jpg
2025-07-21 16:13:12,dc25d3e87803b8896a13c82966694ed9.jpg,71eec350dd4204ec27d47000fd464744.jpg,dc25d3e87803b8896a13c82966694ed9.jpg,[],[],,session_20250721_160809,71eec350dd4204ec27d47000fd464744.jpg
2025-07-21 16:13:22,f5306a4280a35350dd025318d52a4f92.jpg,c3ad54ddd82340e4003ecab33f552654.jpg,c3ad54ddd82340e4003ecab33f552654.jpg,[],[],,session_20250721_160809,f5306a4280a35350dd025318d52a4f92.jpg
2025-07-21 16:13:33,55ee8daee7ed77d71d775d3805a205e5.jpg,85a5d97bd6c0b3d04854d00ae3a44bb5.jpg,85a5d97bd6c0b3d04854d00ae3a44bb5.jpg,[],[],,session_20250721_160809,55ee8daee7ed77d71d775d3805a205e5.jpg
2025-07-21 16:13:42,f5306a4280a35350dd025318d52a4f92.jpg,2f7514a6af8a2824769e9a47d6b67a82.jpg,2f7514a6af8a2824769e9a47d6b67a82.jpg,[],[],,session_20250721_160809,f5306a4280a35350dd025318d52a4f92.jpg
2025-07-21 16:13:49,89f98141d29f1776e7cdd681fa99066a.jpg,2f7514a6af8a2824769e9a47d6b67a82.jpg,2f7514a6af8a2824769e9a47d6b67a82.jpg,[],[],,session_20250721_160809,89f98141d29f1776e7cdd681fa99066a.jpg
2025-07-21 16:13:55,f392e1d0a0b82712fc120e9b78720338.jpg,21be5f45916f46095f40ed9a400576be.jpg,f392e1d0a0b82712fc120e9b78720338.jpg,[],[],,session_20250721_160809,21be5f45916f46095f40ed9a400576be.jpg
2025-07-21 16:14:02,f5306a4280a35350dd025318d52a4f92.jpg,89f98141d29f1776e7cdd681fa99066a.jpg,89f98141d29f1776e7cdd681fa99066a.jpg,[],[],,session_20250721_160809,f5306a4280a35350dd025318d52a4f92.jpg
2025-07-21 16:14:14,b37cc18bd24f1407950ffca7e08c8999.jpg,d9fa7931cb5c7596162cc03aabb272f3.jpg,d9fa7931cb5c7596162cc03aabb272f3.jpg,[],[],,session_20250721_160809,b37cc18bd24f1407950ffca7e08c8999.jpg